1,1,https://image.kkday.com/v2/image/get/h_650%2Cc_fit/s1.kkday.com/product_125748/20220103071938_8TSLy/png,1
2,1,https://image.kkday.com/v2/image/get/h_650%2Cc_fit/s1.kkday.com/product_125748/20220103072034_52N0o/jpg,2
3,1,https://image.kkday.com/v2/image/get/h_650%2Cc_fit/s1.kkday.com/product_125748/20220103072034_52N0o/jpg,3
4,2,https://image.kkday.com/v2/image/get/h_650%2Cc_fit/s1.kkday.com/product_6370/20220825082844_0RZJ4/jpg,1
5,2,https://image.kkday.com/v2/image/get/h_650%2Cc_fit/s1.kkday.com/product_6370/20221013063654_JempZ/jpg,2
6,2,https://image.kkday.com/v2/image/get/h_650%2Cc_fit/s1.kkday.com/product_6370/20220122023741_mzHTa/jpg,3
7,3,https://image.kkday.com/v2/image/get/h_650%2Cc_fit/s1.kkday.com/product_23741/20210205021022_6S7c8/jpg,1
8,3,https://image.kkday.com/v2/image/get/h_650%2Cc_fit/s1.kkday.com/product_23741/20211203134029_0gkus/jpg,2
9,3,https://image.kkday.com/v2/image/get/h_650%2Cc_fit/s1.kkday.com/product_23741/20211203134028_bt2PH/jpg,3
10,4,https://image.kkday.com/v2/image/get/h_650%2Cc_fit/s1.kkday.com/product_102318/20200921061603_9zWLY/png,1
11,4,https://image.kkday.com/v2/image/get/h_650%2Cc_fit/s1.kkday.com/product_102318/20200921061945_zlMJv/jpg,2
12,4,https://image.kkday.com/v2/image/get/h_650%2Cc_fit/s1.kkday.com/product_102318/20200921061614_9VUZM/jpg,3
13,5,https://image.kkday.com/v2/image/get/h_650%2Cc_fit/s1.kkday.com/product_19847/20180830072340_7hUi5/jpg,1
14,5,https://image.kkday.com/v2/image/get/h_650%2Cc_fit/s1.kkday.com/product_19847/20180830072509_JQuGQ/jpg,2
15,5,https://image.kkday.com/v2/image/get/h_650%2Cc_fit/s1.kkday.com/product_19847/20180830051228_vWnwW/jpg,3
16,6,https://image.kkday.com/v2/image/get/h_650%2Cc_fit/s1.kkday.com/product_102949/20210218021904_lgIoD/jpg,1
17,6,https://image.kkday.com/v2/image/get/h_650%2Cc_fit/s1.kkday.com/product_102949/20210218021903_swE3j/jpg,2
18,6,https://image.kkday.com/v2/image/get/h_650%2Cc_fit/s1.kkday.com/product_102949/20200826084553_Bz3d7/jpg,3
19,7,https://image.kkday.com/v2/image/get/h_650%2Cc_fit/s1.kkday.com/product_124246/20211118075747_OYw1Q/jpg,1
20,7,https://image.kkday.com/v2/image/get/h_650%2Cc_fit/s1.kkday.com/product_124246/20211123072113_kQzaj/jpg,2
21,7,https://image.kkday.com/v2/image/get/h_650%2Cc_fit/s1.kkday.com/product_124246/20211123072128_f0dFw/jpg,3
22,8,https://image.kkday.com/v2/image/get/h_650%2Cc_fit/s1.kkday.com/product_23286/20200720062659_kaNjA/jpg,1
23,8,https://image.kkday.com/v2/image/get/h_650%2Cc_fit/s1.kkday.com/product_23286/20210331100518_roEY7/jpg,2
24,8,https://image.kkday.com/v2/image/get/h_650%2Cc_fit/s1.kkday.com/product_23286/20210331100518_roEY7/jpg,3
25,9,https://image.kkday.com/v2/image/get/h_650%2Cc_fit/s1.kkday.com/product_116425/20210309034856_8EDSu/jpg,1
26,9,https://image.kkday.com/v2/image/get/h_650%2Cc_fit/s1.kkday.com/product_116425/20210309034854_j2yp4/png,2
27,9,https://image.kkday.com/v2/image/get/h_650%2Cc_fit/s1.kkday.com/product_116425/20210309034854_oWQnR/jpg,3
28,10,https://image.kkday.com/v2/image/get/h_650%2Cc_fit/s1.kkday.com/product_118919/20210419072801_cxacU/png,1
29,10,https://image.kkday.com/v2/image/get/h_650%2Cc_fit/s1.kkday.com/product_118919/20210419072720_Aaj7G/png,2
30,10,https://image.kkday.com/v2/image/get/h_650%2Cc_fit/s1.kkday.com/product_118919/20210419072800_fjDqY/png,3
31,11,https://image.kkday.com/v2/image/get/h_650%2Cc_fit/s1.kkday.com/product_116949/20210407135033_a5Mtp/jpg,1
32,11,https://image.kkday.com/v2/image/get/h_650%2Cc_fit/s1.kkday.com/product_116949/20210407135348_Fm8cw/png,2
33,11,https://image.kkday.com/v2/image/get/h_650%2Cc_fit/s1.kkday.com/product_116949/20210325073313_Ipsoa/png,3
34,12,https://image.kkday.com/v2/image/get/h_650%2Cc_fit/s1.kkday.com/product_123118/20210923082907_q5z4b/jpg,1
35,12,https://image.kkday.com/v2/image/get/h_650%2Cc_fit/s1.kkday.com/product_123118/20210923082929_niD6O/jpg,2
36,12,https://image.kkday.com/v2/image/get/h_650%2Cc_fit/s1.kkday.com/product_123118/20210923082934_POcNA/jpg,3
37,13,https://image.kkday.com/v2/image/get/h_650%2Cc_fit/s1.kkday.com/product_23638/20201030043907_e27eK/jpg,1
38,13,https://image.kkday.com/v2/image/get/h_650%2Cc_fit/s1.kkday.com/product_23638/20201030043906_CRiUo/jpg,2
39,13,https://image.kkday.com/v2/image/get/h_650%2Cc_fit/s1.kkday.com/product_23638/20201030043905_3W4w2/jpg,3
40,14,https://image.kkday.com/v2/image/get/h_650%2Cc_fit/s1.kkday.com/product_23643/20190502095524_zqzyz/jpg,1
41,14,https://image.kkday.com/v2/image/get/h_650%2Cc_fit/s1.kkday.com/product_23643/20190502095510_SOT4g/jpg,2
42,14,https://image.kkday.com/v2/image/get/h_650%2Cc_fit/s1.kkday.com/product_23643/20190502095510_SOT4g/jpg,3
43,15,https://image.kkday.com/v2/image/get/h_650%2Cc_fit/s1.kkday.com/product_105727/20210407071718_4hS9P/jpg,1
44,15,https://image.kkday.com/v2/image/get/h_650%2Cc_fit/s1.kkday.com/product_105727/20201120060013_lAlBb/jpg,2
45,15,https://image.kkday.com/v2/image/get/h_650%2Cc_fit/s1.kkday.com/product_105727/20210407071717_YSs98/jpg,3
46,16,https://image.kkday.com/v2/image/get/h_650%2Cc_fit/s1.kkday.com/product_102467/20200923092342_se7jx/jpg,1
47,16,https://image.kkday.com/v2/image/get/h_650%2Cc_fit/s1.kkday.com/product_102467/20200812061353_N297w/jpg,2
48,16,https://image.kkday.com/v2/image/get/h_650%2Cc_fit/s1.kkday.com/product_102467/20200812061310_5Ry2A/jpg,3
49,17,https://image.kkday.com/v2/image/get/h_650%2Cc_fit/s1.kkday.com/product_122019/20210812102656_bwTBF/jpg,1
50,17,https://image.kkday.com/v2/image/get/h_650%2Cc_fit/s1.kkday.com/product_122019/20210812082455_8fNHl/jpg,2
51,17,https://image.kkday.com/v2/image/get/h_650%2Cc_fit/s1.kkday.com/product_122019/20210812081247_x0LdY/jpg,3
52,18,https://image.kkday.com/v2/image/get/h_650%2Cc_fit/s1.kkday.com/product_113778/20220406095820_VPpaO/jpg,1
53,18,https://image.kkday.com/v2/image/get/h_650%2Cc_fit/s1.kkday.com/product_113778/20211001102545_X0nkq/jpg,2
54,18,https://image.kkday.com/v2/image/get/h_650%2Cc_fit/s1.kkday.com/product_113778/20211001102548_ZDUFw/jpg,3
55,19,https://image.kkday.com/v2/image/get/h_650%2Cc_fit/s1.kkday.com/product_100467/20200526023453_uxMdW/png,1
56,19,https://image.kkday.com/v2/image/get/h_650%2Cc_fit/s1.kkday.com/product_100467/20200526023456_ebs2f/png,2
57,19,https://image.kkday.com/v2/image/get/h_650%2Cc_fit/s1.kkday.com/product_100467/20200526023453_uxMdW/png,3
58,20,https://image.kkday.com/v2/image/get/h_650%2Cc_fit/s1.kkday.com/product_31476/20201118034424_gLf27/jpg,1
59,20,https://image.kkday.com/v2/image/get/h_650%2Cc_fit/s1.kkday.com/product_31476/20201118034426_owpzw/jpg,2
60,20,https://image.kkday.com/v2/image/get/h_650%2Cc_fit/s1.kkday.com/product_31476/20201028033806_HbAEu/jpg,3
61,21,https://image.kkday.com/v2/image/get/h_650%2Cc_fit/s1.kkday.com/product_104627/20201028040608_48ryk/jpg,1
62,21,https://image.kkday.com/v2/image/get/h_650%2Cc_fit/s1.kkday.com/product_104627/20201028040608_Qov9M/jpg,2
63,21,https://image.kkday.com/v2/image/get/h_650%2Cc_fit/s1.kkday.com/product_104627/20201028040609_QMcaX/jpg,3
64,22,https://image.kkday.com/v2/image/get/h_650%2Cc_fit/s1.kkday.com/product_123265/20220103075250_0CFTW/jpg,1
65,22,https://image.kkday.com/v2/image/get/h_650%2Cc_fit/s1.kkday.com/product_123265/20220103075249_nHoRi/jpg,2
66,22,https://image.kkday.com/v2/image/get/h_650%2Cc_fit/s1.kkday.com/product_123265/20220103075248_e0u5v/jpg,3
67,23,https://image.kkday.com/v2/image/get/h_650%2Cc_fit/s1.kkday.com/product_116861/20210323034401_GRUV0/jpg,1
68,23,https://image.kkday.com/v2/image/get/h_650%2Cc_fit/s1.kkday.com/product_116861/20210323034402_B4do1/jpg,2
69,23,https://image.kkday.com/v2/image/get/h_650%2Cc_fit/s1.kkday.com/product_116861/20210323034403_coLsV/jpg,3
70,24,https://image.kkday.com/v2/image/get/h_650%2Cc_fit/s1.kkday.com/product_102247/20221102075909_jblDd/png,1
71,24,https://image.kkday.com/v2/image/get/h_650%2Cc_fit/s1.kkday.com/product_102247/20200806040919_6CbYw/jpg,2
72,24,https://image.kkday.com/v2/image/get/h_650%2Cc_fit/s1.kkday.com/product_102247/20200806041027_0WfNG/jpg,3
73,25,https://image.kkday.com/v2/image/get/h_650%2Cc_fit/s1.kkday.com/product_9468/20190225091057_q1e4v/jpg,1
74,25,https://image.kkday.com/v2/image/get/h_650%2Cc_fit/s1.kkday.com/product_9468/20221103062335_9pFtj/jpg,2
75,25,https://image.kkday.com/v2/image/get/h_650%2Cc_fit/s1.kkday.com/product_9468/20221028053422_yEXSC/jpg,3
76,26,https://image.kkday.com/v2/image/get/h_650%2Cc_fit/s1.kkday.com/product_129507/20220517052323_5Gdi3/jpg,1
77,26,https://image.kkday.com/v2/image/get/h_650%2Cc_fit/s1.kkday.com/product_129507/20220517035625_zJFUv/png,2
78,26,https://image.kkday.com/v2/image/get/h_650%2Cc_fit/s1.kkday.com/product_129507/20220517035621_nxz28/png,3
79,27,https://image.kkday.com/v2/image/get/h_650%2Cc_fit/s1.kkday.com/product_13338/20171108080341_Zx2xp/jpg,1
80,27,https://image.kkday.com/v2/image/get/h_650%2Cc_fit/s1.kkday.com/product_13338/20171108075854_KMars/jpg,2
81,27,https://image.kkday.com/v2/image/get/h_650%2Cc_fit/s1.kkday.com/product_13338/20171108075925_dp1u8/jpg,3
82,28,https://image.kkday.com/v2/image/get/h_650%2Cc_fit/s1.kkday.com/product_134707/20221020082521_ZJGNt/jpg,1
83,28,https://image.kkday.com/v2/image/get/h_650%2Cc_fit/s1.kkday.com/product_134707/20221020082522_S1mB3/jpg,2
84,28,https://image.kkday.com/v2/image/get/h_650%2Cc_fit/s1.kkday.com/product_134707/20221020082645_Nd3pS/jpg,3
85,29,https://image.kkday.com/v2/image/get/h_650%2Cc_fit/s1.kkday.com/product_129556/20220518035137_8YVjv/jpg,1
86,29,https://image.kkday.com/v2/image/get/h_650%2Cc_fit/s1.kkday.com/product_129556/20220518034042_nmHlr/jpg,2
87,29,https://image.kkday.com/v2/image/get/h_650%2Cc_fit/s1.kkday.com/product_129556/20220518035135_YvTTh/jpg,3
88,30,https://image.kkday.com/v2/image/get/h_650%2Cc_fit/s1.kkday.com/product_100527/20200529074002_SNYYK/jpg,1
89,30,https://image.kkday.com/v2/image/get/h_650%2Cc_fit/s1.kkday.com/product_100527/20200527080901_ruHOp/jpg,2
90,30,https://image.kkday.com/v2/image/get/h_650%2Cc_fit/s1.kkday.com/product_100527/20200527080926_MQUB6/jpg,3
91,31,https://image.kkday.com/v2/image/get/h_650%2Cc_fit/s1.kkday.com/product_100025/20210423113719_FLdJK/jpg,1
92,31,https://image.kkday.com/v2/image/get/h_650%2Cc_fit/s1.kkday.com/product_100025/20200708081055_RUf53/jpg,2
93,31,https://image.kkday.com/v2/image/get/h_650%2Cc_fit/s1.kkday.com/product_100025/20210423113712_1WRll/jpg,3
94,32,https://image.kkday.com/v2/image/get/h_650%2Cc_fit/s1.kkday.com/product_128591/20220425042434_xs9Oj/jpg,1
95,32,https://image.kkday.com/v2/image/get/h_650%2Cc_fit/s1.kkday.com/product_128591/20220429061710_EH6gR/jpg,2
96,32,https://image.kkday.com/v2/image/get/h_650%2Cc_fit/s1.kkday.com/product_128591/20220429061709_szgGK/jpg,3
97,33,https://image.kkday.com/v2/image/get/h_650%2Cc_fit/s1.kkday.com/product_21264/20210217074116_3XOtH/jpg,1
98,33,https://image.kkday.com/v2/image/get/h_650%2Cc_fit/s1.kkday.com/product_21264/20211229103310_I8ITH/jpg,2
99,33,https://image.kkday.com/v2/image/get/h_650%2Cc_fit/s1.kkday.com/product_21264/20190117100343_ZJmnT/jpg,3
100,34,https://image.kkday.com/v2/image/get/h_650%2Cc_fit/s1.kkday.com/product_128192/20220416123223_KrCpD/jpg,1
101,34,https://image.kkday.com/v2/image/get/h_650%2Cc_fit/s1.kkday.com/product_128192/20220416123224_6Z7hx/jpg,2
102,34,https://image.kkday.com/v2/image/get/h_650%2Cc_fit/s1.kkday.com/product_128192/20220416123219_glp9w/jpg,3
103,35,https://image.kkday.com/v2/image/get/h_650%2Cc_fit/s1.kkday.com/product_23729/20220111015504_KybkW/jpg,1
104,35,https://image.kkday.com/v2/image/get/h_650%2Cc_fit/s1.kkday.com/product_23729/20220111015732_smtzm/jpg,2
105,35,https://image.kkday.com/v2/image/get/h_650%2Cc_fit/s1.kkday.com/product_23729/20220111015502_ZRVPL/jpg,3
106,36,https://image.kkday.com/v2/image/get/h_650%2Cc_fit/s1.kkday.com/product_121622/20210810073425_hLVS7/jpg,1
107,36,https://image.kkday.com/v2/image/get/h_650%2Cc_fit/s1.kkday.com/product_121622/20210810073422_9ySlY/jpg,2
108,36,https://image.kkday.com/v2/image/get/h_650%2Cc_fit/s1.kkday.com/product_121622/20210810073427_QWIZW/jpg,3
109,37,https://image.kkday.com/v2/image/get/h_650%2Cc_fit/s1.kkday.com/product_28828/20220118032217_LJVbr/jpg,1
110,37,https://image.kkday.com/v2/image/get/h_650%2Cc_fit/s1.kkday.com/product_28828/20220118032219_BmsSQ/jpg,2
111,37,https://image.kkday.com/v2/image/get/h_650%2Cc_fit/s1.kkday.com/product_28828/20220118032222_fbTA7/jpg,3
112,38,https://image.kkday.com/v2/image/get/h_650%2Cc_fit/s1.kkday.com/product_116636/20210316080728_p9fEI/jpg,1
113,38,https://image.kkday.com/v2/image/get/h_650%2Cc_fit/s1.kkday.com/product_116636/20220921111345_cqkKv/jpg,2
114,38,https://image.kkday.com/v2/image/get/h_650%2Cc_fit/s1.kkday.com/product_116636/20220921111350_YtObE/jpg,3
115,39,https://image.kkday.com/v2/image/get/h_650%2Cc_fit/s1.kkday.com/product_101875/20200724065807_jT7L6/jpg,1
116,39,https://image.kkday.com/v2/image/get/h_650%2Cc_fit/s1.kkday.com/product_101875/20200724065906_fxcgD/png,2
117,39,https://cc.tvbs.com.tw/img/program/upload/2022/01/25/20220125142913-64354b2c.jpg,3
118,40,"https://image.kkday.com/v2/image/get/h_650%2Cc_fit/s1.kkday.com/product_101875/20200724065807_jT7L6/jpg""",1
119,40,https://image.kkday.com/v2/image/get/h_650%2Cc_fit/s1.kkday.com/product_101875/20200724065906_fxcgD/png,2
120,40,https://cc.tvbs.com.tw/img/program/upload/2022/01/25/20220125142913-64354b2c.jpg,3
121,41,https://image.kkday.com/v2/image/get/h_650%2Cc_fit/s1.kkday.com/product_127119/20220429083811_AeERq/png,1
122,41,https://image.kkday.com/v2/image/get/h_650%2Cc_fit/s1.kkday.com/product_127119/20220222054622_Ey37C/png,2
123,41,https://image.kkday.com/v2/image/get/h_650%2Cc_fit/s1.kkday.com/product_127119/20220222054950_WnnDJ/png,3
124,42,https://image.kkday.com/v2/image/get/h_650%2Cc_fit/s1.kkday.com/product_8189/20161021032150_fLYWu/jpg,1
125,42,https://image.kkday.com/v2/image/get/h_650%2Cc_fit/s1.kkday.com/product_8189/20220502102707_30sqm/jpg,2
126,42,https://image.kkday.com/v2/image/get/h_650%2Cc_fit/s1.kkday.com/product_8189/20160524044109_cj1hO/png,3
127,43,https://image.kkday.com/v2/image/get/h_650%2Cc_fit/s1.kkday.com/product_100554/20200528092356_cxC9b/jpg,1
128,43,https://image.kkday.com/v2/image/get/h_650%2Cc_fit/s1.kkday.com/product_100554/20200528092358_7JQoW/jpg,2
129,43,https://image.kkday.com/v2/image/get/h_650%2Cc_fit/s1.kkday.com/product_100554/20200528092354_8B5Wy/jpg,3
130,44,https://image.kkday.com/v2/image/get/h_650%2Cc_fit/s1.kkday.com/product_118196/20210409055043_fjwM2/jpg,1
131,44,https://image.kkday.com/v2/image/get/h_650%2Cc_fit/s1.kkday.com/product_118196/20210409055043_eGyBx/jpg,2
132,44,https://image.kkday.com/v2/image/get/h_650%2Cc_fit/s1.kkday.com/product_118196/20210409063018_rgqV0/jpg,3
133,45,https://image.kkday.com/v2/image/get/h_650%2Cc_fit/s1.kkday.com/product_135269/20221102031227_0MhOT/jpg,1
134,45,https://image.kkday.com/v2/image/get/h_650%2Cc_fit/s1.kkday.com/product_135269/20221102031228_zR446/jpg,2
135,45,https://image.kkday.com/v2/image/get/h_650%2Cc_fit/s1.kkday.com/product_135269/20221102031230_Y5R2z/jpg,3
136,46,"https://image.kkday.com/v2/image/get/h_650%2Cc_fit/s1.kkday.com/product_100557/20200528103309_j2ywg/jpg""",1
137,46,https://image.kkday.com/v2/image/get/h_650%2Cc_fit/s1.kkday.com/product_100557/20200528103642_ZSaHz/png,2
138,46,https://image.kkday.com/v2/image/get/h_650%2Cc_fit/s1.kkday.com/product_100557/20200528103339_VfEmu/jpg,3
139,47,https://image.kkday.com/v2/image/get/h_650%2Cc_fit/s1.kkday.com/product_129447/20220517145024_qRO0k/jpg,1
140,47,https://image.kkday.com/v2/image/get/h_650%2Cc_fit/s1.kkday.com/product_129447/20220517145036_veiQp/jpg,2
141,47,https://image.kkday.com/v2/image/get/h_650%2Cc_fit/s1.kkday.com/product_129447/20220517145029_Mj2mG/jpg,3
142,48,https://image.kkday.com/v2/image/get/h_650%2Cc_fit/s1.kkday.com/product_128176/20220401054425_MIMYe/jpg,1
143,48,"https://image.kkday.com/v2/image/get/h_650%2Cc_fit/s1.kkday.com/product_128176/20220401054423_gBl4d/jpg""",2
144,48,https://image.kkday.com/v2/image/get/h_650%2Cc_fit/s1.kkday.com/product_128176/20220401055231_x5XrO/jpg,3
145,49,https://image.kkday.com/v2/image/get/h_650%2Cc_fit/s1.kkday.com/product_122460/20210820044401_CRylD/jpg,1
146,49,https://image.kkday.com/v2/image/get/h_650%2Cc_fit/s1.kkday.com/product_122460/20210820044359_i0bVu/jpg,2
147,49,https://image.kkday.com/v2/image/get/h_650%2Cc_fit/s1.kkday.com/product_122460/20210820044403_5lpKM/jpg,3
148,50,https://image.kkday.com/v2/image/get/h_650%2Cc_fit/s1.kkday.com/product_101861/20200724030239_hmkn4/jpg,1
149,50,https://image.kkday.com/v2/image/get/h_650%2Cc_fit/s1.kkday.com/product_101861/20200724030244_UEpZr/jpg,2
150,50,https://image.kkday.com/v2/image/get/h_650%2Cc_fit/s1.kkday.com/product_101861/20200724030246_uKudi/jpg,3
151,51,https://image.kkday.com/v2/image/get/h_650%2Cc_fit/s1.kkday.com/product_34005/20191120093944_aDyRw/jpg,1
152,51,https://image.kkday.com/v2/image/get/h_650%2Cc_fit/s1.kkday.com/product_34005/20191120093954_eaRxE/jpg,2
153,51,https://image.kkday.com/v2/image/get/h_650%2Cc_fit/s1.kkday.com/product_34005/20191120093957_3Zjnb/jpg,3
154,52,https://image.kkday.com/v2/image/get/h_650%2Cc_fit/s1.kkday.com/product_128162/20220330061146_BJ3PW/jpg,1
155,52,https://image.kkday.com/v2/image/get/h_650%2Cc_fit/s1.kkday.com/product_128162/20220330061146_esDzA/png,2
156,52,https://image.kkday.com/v2/image/get/h_650%2Cc_fit/s1.kkday.com/product_128162/20220330061146_J9XHw/png,3
157,53,https://image.kkday.com/v2/image/get/h_650%2Cc_fit/s1.kkday.com/product_122762/20210903101144_yqzkr/jpg,1
158,53,https://image.kkday.com/v2/image/get/h_650%2Cc_fit/s1.kkday.com/product_122762/20210928090417_SGpju/jpg,2
159,53,https://image.kkday.com/v2/image/get/h_650%2Cc_fit/s1.kkday.com/product_122762/20210903055820_pDQXI/png,3
160,54,https://image.kkday.com/v2/image/get/h_650%2Cc_fit/s1.kkday.com/product_119292/20221017034824_ZKcOW/jp,1
161,54,https://image.kkday.com/v2/image/get/h_650%2Cc_fit/s1.kkday.com/product_119292/20210504053117_yQZd9/jpg,2
162,54,https://image.kkday.com/v2/image/get/h_650%2Cc_fit/s1.kkday.com/product_119292/20210504052719_PWKUc/jpg,3
163,55,https://image.kkday.com/v2/image/get/h_650%2Cc_fit/s1.kkday.com/product_131511/20220725063723_vmLbM/jpg,1
164,55,https://image.kkday.com/v2/image/get/h_650%2Cc_fit/s1.kkday.com/product_131511/20220725063720_CdJOp/jpg,2
165,55,https://image.kkday.com/v2/image/get/h_650%2Cc_fit/s1.kkday.com/product_131511/20220725063910_AjBxt/jpg,3
166,56,https://image.kkday.com/v2/image/get/h_650%2Cc_fit/s1.kkday.com/product_116315/20210903082804_1G5Pj/jpg,1
167,56,https://image.kkday.com/v2/image/get/h_650%2Cc_fit/s1.kkday.com/product_116315/20210903101509_i3lCk/jpg,2
168,56,https://image.kkday.com/v2/image/get/h_650%2Cc_fit/s1.kkday.com/product_116315/20210903082800_jO4d2/jpg,3
169,57,https://image.kkday.com/v2/image/get/h_650%2Cc_fit/s1.kkday.com/product_114053/20201208082138_GFT3c/jpg,1
170,57,https://image.kkday.com/v2/image/get/h_650%2Cc_fit/s1.kkday.com/product_114053/20201208082135_KAM5r/png,2
171,57,https://image.kkday.com/v2/image/get/h_650%2Cc_fit/s1.kkday.com/product_114053/20201208082136_LwbIo/jpg,3
172,58,https://image.kkday.com/v2/image/get/h_650%2Cc_fit/s1.kkday.com/product_102722/20201103041138_PQCLN/jpg,1
173,58,"""https://image.kkday.com/v2/image/get/h_650%2Cc_fit/s1.kkday.com/product_102722/20201103041137_z1W21/jpg",2
174,58,https://image.kkday.com/v2/image/get/h_650%2Cc_fit/s1.kkday.com/product_102722/20201103041140_JS38R/jpg,3
175,59,https://image.kkday.com/v2/image/get/h_650%2Cc_fit/s1.kkday.com/product_101587/20220609112551_Q7Xog/jpg,1
176,59,https://image.kkday.com/v2/image/get/h_650%2Cc_fit/s1.kkday.com/product_101587/20220609112551_Aql2J/jpg,2
177,59,https://image.kkday.com/v2/image/get/h_650%2Cc_fit/s1.kkday.com/product_101587/20220609112552_nUDQf/jpg,3
178,60,https://image.kkday.com/v2/image/get/h_650%2Cc_fit/s1.kkday.com/product_32341/20191016112122_NDArl/jpg,1
179,60,https://image.kkday.com/v2/image/get/h_650%2Cc_fit/s1.kkday.com/product_32341/20211225110240_FbFuX/jpg,2
180,60,https://image.kkday.com/v2/image/get/h_650%2Cc_fit/s1.kkday.com/product_32341/20191017170307_XGUwQ/jpg,3
181,61,https://image.kkday.com/v2/image/get/h_650%2Cc_fit/s1.kkday.com/product_103382/20200910064319_lfRyf/jpg,1
182,61,https://image.kkday.com/v2/image/get/h_650%2Cc_fit/s1.kkday.com/product_103382/20200910064323_PYF9c/jpg,2
183,61,https://image.kkday.com/v2/image/get/h_650%2Cc_fit/s1.kkday.com/product_103382/20200910064320_UVSJ3/jpg,3
184,62,https://image.kkday.com/v2/image/get/h_650%2Cc_fit/s1.kkday.com/product_126349/20220125032349_B0sxM/jpg,1
185,62,https://image.kkday.com/v2/image/get/h_650%2Cc_fit/s1.kkday.com/product_126349/20220125032318_Dgk4v/jpg,2
186,62,https://image.kkday.com/v2/image/get/h_650%2Cc_fit/s1.kkday.com/product_126349/20220125032318_GdndD/jpg,3
187,63,https://image.kkday.com/v2/image/get/h_650%2Cc_fit/s1.kkday.com/product_102359/20200810024507_wrlwT/png,1
188,63,https://image.kkday.com/v2/image/get/h_650%2Cc_fit/s1.kkday.com/product_102359/20200810024510_ZHS9g/png,2
189,63,https://misshuan.tw/wp-content/uploads/20200507172000_13.jpg,3
190,64,https://image.kkday.com/v2/image/get/h_650%2Cc_fit/s1.kkday.com/product_114010/20201207081646_mMRPr/jpg,1
191,64,https://image.kkday.com/v2/image/get/h_650%2Cc_fit/s1.kkday.com/product_114010/20201207081650_DB69p/jpg,2
192,64,https://image.kkday.com/v2/image/get/h_650%2Cc_fit/s1.kkday.com/product_114010/20201207081658_PuWHt/jpg,3
193,65,https://image.kkday.com/v2/image/get/h_650%2Cc_fit/s1.kkday.com/product_131137/20220713015036_G8zqo/jpg,1
194,65,https://image.kkday.com/v2/image/get/h_650%2Cc_fit/s1.kkday.com/product_131137/20220713015038_sz2lA/jpg,2
195,65,https://image.kkday.com/v2/image/get/h_650%2Cc_fit/s1.kkday.com/product_131137/20220713020852_OOJQg/jpg,3
196,66,https://image.kkday.com/v2/image/get/h_650%2Cc_fit/s1.kkday.com/product_30368/20190926041640_mi1oi/jpg,1
197,66,https://image.kkday.com/v2/image/get/h_650%2Cc_fit/s1.kkday.com/product_30368/20190906083316_s5GkD/jpg,2
198,66,https://image.kkday.com/v2/image/get/h_650%2Cc_fit/s1.kkday.com/product_30368/20190906083506_9k8RU/jp,3
199,67,https://image.kkday.com/v2/image/get/h_650%2Cc_fit/s1.kkday.com/product_102051/20200804080441_joc9R/png,1
200,67,https://image.kkday.com/v2/image/get/h_650%2Cc_fit/s1.kkday.com/product_102051/20200804022856_uUhST/jpg,2
201,67,https://image.kkday.com/v2/image/get/h_650%2Cc_fit/s1.kkday.com/product_102051/20200804022935_nYL5Z/jpg,3
202,68,https://image.kkday.com/v2/image/get/h_650%2Cc_fit/s1.kkday.com/product_28087/20190902035539_101vg/jpg,1
203,68,https://image.kkday.com/v2/image/get/h_650%2Cc_fit/s1.kkday.com/product_28087/20190902035602_26fh5/jpg,2
204,68,https://image.kkday.com/v2/image/get/h_650%2Cc_fit/s1.kkday.com/product_28087/20190902035620_OhK7s/jpg,3
205,69,https://image.kkday.com/v2/image/get/h_650%2Cc_fit/s1.kkday.com/product_127033/20220331090947_9u3NN/jpg,1
206,69,https://image.kkday.com/v2/image/get/h_650%2Cc_fit/s1.kkday.com/product_127033/20220218105917_62UZs/png,2
207,69,https://image.kkday.com/v2/image/get/h_650%2Cc_fit/s1.kkday.com/product_127033/20220331083946_H5UR1/jpg,3
208,70,https://image.kkday.com/v2/image/get/h_650%2Cc_fit/s1.kkday.com/product_23472/20190425045559_H101R/jpg,1
209,70,https://image.kkday.com/v2/image/get/h_650%2Cc_fit/s1.kkday.com/product_23472/20190425045405_hN7Sx/jpg,2
210,70,https://image.kkday.com/v2/image/get/h_650%2Cc_fit/s1.kkday.com/product_23472/20190507083720_AJvbW/jpg,3
211,71,https://image.kkday.com/v2/image/get/h_650%2Cc_fit/s1.kkday.com/product_126847/20220222092656_gD1WY/png,1
212,72,https://image.kkday.com/v2/image/get/h_650%2Cc_fit/s1.kkday.com/product_124037/20211110063628_iBj3i/png,1
213,72,https://image.kkday.com/v2/image/get/h_650%2Cc_fit/s1.kkday.com/product_124037/20211110063627_KpPb9/png,2
214,72,https://image.kkday.com/v2/image/get/h_650%2Cc_fit/s1.kkday.com/product_124037/20211110063617_6U3ua/png,3
215,73,https://image.kkday.com/v2/image/get/h_650%2Cc_fit/s1.kkday.com/product_127060/20220223011314_eVk6p/jpg,1
216,73,https://image.kkday.com/v2/image/get/h_650%2Cc_fit/s1.kkday.com/product_127060/20220223011427_4pAaK/jpg,2
217,73,https://image.kkday.com/v2/image/get/h_650%2Cc_fit/s1.kkday.com/product_127060/20220223011315_HyOQI/jpg,3
218,74,https://image.kkday.com/v2/image/get/h_650%2Cc_fit/s1.kkday.com/product_123973/20211109063113_iizfB/jpg,1
219,74,https://image.kkday.com/v2/image/get/h_650%2Cc_fit/s1.kkday.com/product_123973/20211109063133_Bv3T9/jpg,2
220,74,https://image.kkday.com/v2/image/get/h_650%2Cc_fit/s1.kkday.com/product_123973/20211109063134_klNGr/jpg,3